[
    
    {
        "name": "New Year's Day",
        "date": "01-01-2025",
        "country": "India"
    },
    {
        "name": "Republic Day",
        "date": "01-26-2025",
        "country": "India"
    },
    {
        "name": "Makar Sankranti",
        "date": "01-14-2025",
        "country": "India"
    },
    {
        "name": "Pongal",
        "date": "01-15-2025",
        "country": "India"
    },
    {
        "name": "Netaji's Birthday",
        "date": "01-23-2025",
        "country": "India"
    },
    {
        "name": "Basant Panchami",
        "date": "02-03-2025",
        "country": "India"
    },
    {
        "name": "Maha Shivaratri",
        "date": "02-26-2025",
        "country": "India"
    },
    {
        "name": "Holi",
        "date": "03-14-2025",
        "country": "India"
    },
    {
        "name": "Id-ul-Fitr",
        "date": "03-31-2025",
        "country": "India"
    },
    {
        "name": "Mahavir Jayanti",
        "date": "04-10-2025",
        "country": "India"
    },
    {
        "name": "Dr. Babasaheb Ambedkar Jayanti",
        "date": "04-14-2025",
        "country": "India"
    },
    {
        "name": "Good Friday",
        "date": "04-18-2025",
        "country": "India"
    },
    {
        "name": "International Workers' Day",
        "date": "05-01-2025",
        "country": "India"
    },
    {
        "name": "Rabindranath Tagore Jayanti",
        "date": "05-09-2025",
        "country": "India"
    },
    {
        "name": "Buddha Purnima",
        "date": "05-12-2025",
        "country": "India"
    },
    {
        "name": "Id-Ud-Zoha",
        "date": "06-06-2025",
        "country": "India"
    },
    {
        "name": "Rath Yatra",
        "date": "06-27-2025",
        "country": "India"
    },
    {
        "name": "Independence Day / Janmashtami",
        "date": "08-15-2025",
        "country": "India"
    },
    {
        "name": "Ganesha Chaturthi",
        "date": "08-27-2025",
        "country": "India"
    },
    {
        "name": "Mahatma Gandhi Jayanti / Dusshera",
        "date": "10-02-2025",
        "country": "India"
    },
    {
        "name": "Laxmi Puja",
        "date": "10-06-2025",
        "country": "India"
    },
    {
        "name": "Diwali",
        "date": "10-21-2025",
        "country": "India"
    },
    {
        "name": "Balipratipada",
        "date": "10-23-2025",
        "country": "India"
    },
    {
        "name": "Guru Nanak Jayanti",
        "date": "11-05-2025",
        "country": "India"
    },
    {
        "name": "Christmas Day",
        "date": "12-25-2025",
        "country": "India"
    },
    {
        "name": "New Year's Day",
        "date": "01-01-2026",
        "country": "India"
    },
    {
        "name": "Swami Vivekananda Jayanti",
        "date": "01-12-2026",
        "country": "India"
    },
    {
        "name": "Republic Day",
        "date": "01-26-2026",
        "country": "India"
    },
    {
        "name": "Netaji's Birthday | Saraswati Puja",
        "date": "01-23-2026",
        "country": "India"
    },
    {
        "name": "Sabe-barat",
        "date": "02-04-2026",
        "country": "India"
    },
    {
        "name": "Maha Shivaratri",
        "date": "02-15-2026",
        "country": "India"
    },
    {
        "name": "Holi",
        "date": "03-03-2026",
        "country": "India"
    },
    {
        "name": "Eid-Ul-Fitr (Ramzan Eid)",
        "date": "03-20-2026",
        "country": "India"
    },
    {
        "name": "Shri Ram Navami",
        "date": "03-26-2026",
        "country": "India"
    },
    {
        "name": "Mahavir Jayanti",
        "date": "03-31-2026",
        "country": "India"
    },
    {
        "name": "Good Friday",
        "date": "04-03-2026",
        "country": "India"
    },
    {
        "name": "Dr. Babasaheb Ambedkar Jayanti",
        "date": "04-14-2026",
        "country": "India"
    },
    {
        "name": "Workers' Day | Buddha Purnima",
        "date": "05-01-2026",
        "country": "India"
    },
    {
        "name": "Rabindranath Tagore Jayanti",
        "date": "05-09-2026",
        "country": "India"
    },
    {
        "name": "Id-Ud-Zoha (Bakrid)",
        "date": "05-26-2026",
        "country": "India"
    },
    {
        "name": "Muharram",
        "date": "06-26-2026",
        "country": "India"
    },
    {
        "name": "Independence Day",
        "date": "08-15-2026",
        "country": "India"
    },
    {
        "name": "Janmashtami",
        "date": "09-04-2026",
        "country": "India"
    },
    {
        "name": "Ganesh Chaturthi",
        "date": "09-07-2026",
        "country": "India"
    },
    {
        "name": "Mahatma Gandhi Jayanti",
        "date": "10-02-2026",
        "country": "India"
    },
    {
        "name": "Dussehra",
        "date": "10-20-2026",
        "country": "India"
    },
    {
        "name": "Balipratipada",
        "date": "11-11-2026",
        "country": "India"
    },
    {
        "name": "Guru Nanak Jayanti",
        "date": "11-24-2026",
        "country": "India"
    },
    {
        "name": "Christmas Day",
        "date": "12-25-2026",
        "country": "India"
    }
]